"Id","Snappt_Property_ID__c","Name","Company_Name__c","Company_ID__c","Short_ID__c","Address__Street__s","Address__City__s","Address__StateCode__s","Address__PostalCode__s","ID_Verification_Enabled__c","Bank_Linking_Enabled__c","Connected_Payroll_Enabled__c","Income_Verification_Enabled__c","Fraud_Detection_Enabled__c","ID_Verification_Start_Date__c","Bank_Linking_Start_Date__c","Connected_Payroll_Start_Date__c","Income_Verification_Start_Date__c","Fraud_Detection_Start_Date__c","LastModifiedDate","CreatedDate"
"a13UL00000gxpujYAA","195437bf-5ac0-4cd7-80e0-ef815ddd214e","Darby at Briarcliff","Darby at Briarcliff","1ec9302d-29c8-4a26-a763-8725935b9314","mvtbIKsuZu","1600 Northwest 38th Street","Kansas City","MO","64116","true","true","true","true","true","","2025-11-17","2025-11-17","2025-11-17","2025-11-17","2026-01-07T20:44:56.000Z","2025-11-18T14:21:25.000Z"
"a13UL00000LLQ1uYAH","23633035-e13c-4039-be16-f46cf6fcee7a","Avana Coronado","Avana Coronado","1ec9302d-29c8-4a26-a763-8725935b9314","oq6Dq6BGjl","700 N Coronado St","Chandler","AZ","85224","true","true","true","true","true","","2025-09-26","2025-05-06","2025-05-06","2025-02-10","2026-01-07T20:44:56.000Z","2025-02-11T14:10:55.000Z"
"a13UL00000FCmnnYAD","cfc95139-fcb1-4382-a87c-c0b113109f3c","Union South Bay","Union South Bay","9aebb321-8f98-4071-a8ca-12d09b19df4f","rfAwF2xedn","615 E Carson St","Carson","CA","90745","false","false","false","false","true","","","","","2023-10-19","2026-01-07T20:44:56.000Z","2024-09-19T12:30:00.000Z"
"a13UL00000FCmZbYAL","a9365309-f849-49c1-9799-ccdb0e8cd596","Wellington at Willow Bend","Wellington at Willow Bend","5e8838d7-9da8-4685-b873-41ce31c00509","Z0haWA2D4x","3200 Parkwood Blvd","Plano","TX","75093","false","true","true","true","true","","2025-12-02","2025-04-28","2025-04-28","2021-06-17","2026-01-07T20:44:56.000Z","2024-09-19T12:29:58.000Z"
"a13UL00000ghkfUYAQ","d59145b3-5942-4882-8040-fbac50a9513e","The Crawford at Grand Morton","The Crawford at Grand Morton","a7fd2a14-295a-483a-868c-200cb84ad47a","9E7UioJaol","23223 First Park Drive","Katy","TX","77449","true","true","true","true","true","","2025-11-13","2025-11-17","2025-11-13","2025-11-13","2026-01-07T20:44:56.000Z","2025-11-14T14:20:43.000Z"
"a13UL00000EKkPfYAL","b17a9271-9be1-45b6-9fbf-e5cee701f7ea","Ventura Apartment Homes","Ventura Apartment Homes","a7fd2a14-295a-483a-868c-200cb84ad47a","G0tE4nUta6","2601 Furrs St","Arlington","TX","76006","true","false","true","true","true","","","2025-11-17","2025-11-14","2024-01-12","2026-01-07T20:44:56.000Z","2024-08-30T01:49:13.000Z"
"a13UL00000h3TIOYA2","31fd8e43-11ca-46ec-91f1-ddc6d73a1d58","Zoi House Grove","Zoi House Grove","7edcc5d9-e786-4600-a76a-b633d35df461","1wvi6hhU1e","2900 Southwest 28th Lane","Miami","FL","33133","true","false","true","true","true","","","2025-06-02","2025-06-02","2025-06-02","2026-01-07T20:44:56.000Z","2025-11-18T21:22:46.000Z"
"a13UL00000FCmnOYAT","89bcc1cf-acc8-4f3d-a47e-b57ee7c77277","Renaissance at City Center","Renaissance at City Center","9aebb321-8f98-4071-a8ca-12d09b19df4f","Tz68AtwctM","21800 Avalon Blvd","Carson","CA","90745","false","false","false","false","true","","","","","2023-10-19","2026-01-07T20:44:56.000Z","2024-09-19T12:30:00.000Z"
"a13UL00000fENdBYAW","82ac4a01-5c24-49e1-8416-fbe5802736c4","Emblem Ravine","Emblem Ravine","7edcc5d9-e786-4600-a76a-b633d35df461","95sKRgInsw","3500 West Colorado Boulevard","Dallas","TX","75211","true","true","true","true","true","","2025-10-28","2025-10-28","2025-10-28","2025-10-28","2026-01-07T20:44:56.000Z","2025-10-29T13:21:31.000Z"
"a13UL00000KwXlBYAV","8c4a5977-e3fc-4a0a-9185-2a142f4af589","Sienna at Cherry Creek Apartments","Sienna at Cherry Creek Apartments","1d259073-4b82-4c7b-8be5-035a735ff32e","N2CpFbEd1E","1939 S Quebec Way","Denver","CO","80231","false","false","false","false","true","","","","","2024-09-26","2026-01-07T20:44:56.000Z","2025-02-01T12:09:26.000Z"
"a13UL00000KEAkAYAX","6908e371-538f-4b9a-9bd7-22fa6f2ed2a7","Citizen House Decker","Citizen House Decker","a7fd2a14-295a-483a-868c-200cb84ad47a","EK0xHKtQSy","6107 Decker Ln","Austin","TX","78724","false","false","false","false","true","","","","","2025-01-13","2026-01-07T20:44:56.000Z","2025-01-14T11:58:14.000Z"
"a13UL00000d54ELYAY","d4e8dc66-473a-4b8a-ab3e-1e2fa2dd1523","The Calahan","The Calahan","a7fd2a14-295a-483a-868c-200cb84ad47a","flAbh21Bds","5600 Dancy Road","Houston","TX","77041","true","true","true","true","true","","2025-11-18","2025-11-17","2025-10-06","2025-10-06","2026-01-07T20:44:56.000Z","2025-10-07T13:20:53.000Z"
"a13UL00000ZysO9YAJ","8d94022a-84e3-4bc1-91d7-54bcf4210775","The Andi","The Andi","1ec9302d-29c8-4a26-a763-8725935b9314","cs0XhiC4lJ","4 Lucy St","Boston","MA","02125","true","true","true","true","true","","2025-10-30","2025-10-31","2025-10-31","2025-10-24","2026-01-07T20:44:56.000Z","2025-08-29T13:21:24.000Z"
"a13UL00000h3Tv9YAE","34a9091f-a82c-4225-99a9-81cd7dcaedda","The Hub at Nora","The Hub at Nora","f472c851-6668-45e4-8cde-ba9cafe61ca0","OrNtakedKQ","9000 N College Ave","Indianapolis","IN","46260","false","true","true","true","true","","2025-11-04","2025-12-09","2025-12-09","2022-09-06","2026-01-07T20:44:56.000Z","2025-11-18T21:23:42.000Z"
"a13UL00000YItiWYAT","08aa2efb-456d-4f02-9784-948eebc611b5","Trailside NoDa","Trailside NoDa","1ec9302d-29c8-4a26-a763-8725935b9314","6TJDd49BGr","1030 Stitch Bend Way","Charlotte","NC","28206","true","false","true","true","true","","","2025-08-06","2025-08-06","2025-08-06","2026-01-07T20:44:56.000Z","2025-08-07T13:20:55.000Z"
"a13UL00000h3TAcYAM","67e3d6e6-bf5c-4fe5-b578-e1384f5926ba","Residences of SpringRidge Apartment Homes","Residences of SpringRidge Apartment Homes","a7fd2a14-295a-483a-868c-200cb84ad47a","gbeDOfVpMo","3257 West Bert Kouns Industrial Loop","Shreveport","LA","71118","true","false","true","true","true","","","2025-07-07","2025-07-07","2025-07-07","2026-01-07T20:44:56.000Z","2025-11-18T21:22:40.000Z"
"a13UL00000EKkrkYAD","3a6939c2-4676-4464-919b-ed8249e7d40f","Solmere Dallas","Solmere Dallas","a7fd2a14-295a-483a-868c-200cb84ad47a","S5jH3Gtp0a","3330 Webb Chapel Ext","Dallas","TX","75220","false","false","true","true","true","","","2025-11-17","2025-11-14","2023-07-28","2026-01-07T20:44:56.000Z","2024-08-30T01:49:18.000Z"
"a13UL00000EKkNIYA1","32f4b207-0a33-4e49-8246-ad113889d371","Station 40 - MS","Station 40 - MS","a7fd2a14-295a-483a-868c-200cb84ad47a","nPNQzrhOR2","610 Sylvan Heights Way","Nashville","TN","37209","true","true","true","true","true","","2025-12-31","2025-12-31","2025-12-31","2025-12-31","2026-01-07T20:44:56.000Z","2024-08-30T01:49:13.000Z"
"a13UL00000FCmdrYAD","bca86ea9-94c8-4328-bc9e-bb17ba336a2a","Vero","Vero","1d259073-4b82-4c7b-8be5-035a735ff32e","JTTcr9bEqL","255 Vale Street","Chelsea","MA","02150","false","false","false","false","true","","","","","2022-03-07","2026-01-07T20:44:56.000Z","2024-09-19T12:29:59.000Z"
"a13UL00000gOt7BYAS","b403ddf4-9c0e-4cd8-8cc8-062c2134e88f","Citizen","Citizen","7edcc5d9-e786-4600-a76a-b633d35df461","d0yjuoKTbM","140 West 10th Avenue","Denver","CO","80204","true","true","true","true","true","","2025-11-10","2025-11-10","2025-11-10","2025-11-10","2026-01-07T20:44:56.000Z","2025-11-11T14:21:24.000Z"
"a13UL00000cuOtIYAU","bdffc825-c872-449b-a4a3-c1b5550eeda8","Ash Urban Renewal Development","Ash Urban Renewal Development","cd535390-1c27-4fb9-bf87-498d91f9ad13","gI77tEHMz1","2 Ash Street","Jersey City","NJ","07304","true","false","true","true","true","","","2025-10-03","2025-10-03","2025-10-03","2026-01-07T20:44:56.000Z","2025-10-04T13:21:09.000Z"
"a13UL00000L8xvtYAB","3917c8e5-51de-4bca-8238-5c2531db083a","Jamison Park","Jamison Park","8cb9636d-04a4-42e2-8021-edf08336222b","cPidH3Ni8a","2245 Greenridge Rd North","Charleston","SC","29406","true","true","true","true","true","","2025-11-12","2025-11-12","2025-11-12","2024-02-27","2026-01-07T20:44:56.000Z","2025-02-06T11:59:08.000Z"
"a13UL00000b61sFYAQ","fde14785-2629-470f-bdc3-2cb858848940","Chapman's Retreat","Chapman's Retreat","a7fd2a14-295a-483a-868c-200cb84ad47a","koIGqwJFB2","4005 Clinton Lane","Spring Hill","TN","37174","true","true","true","true","true","","2025-09-11","2025-11-17","2025-09-11","2025-09-11","2026-01-07T20:44:56.000Z","2025-09-12T13:21:14.000Z"
"a13UL00000FCmOIYA1","10c6a3f5-624e-4d70-831a-4e79af47e3dd","Cadia Millennium","Cadia Millennium","7edcc5d9-e786-4600-a76a-b633d35df461","6LFoHfkU6p","5306 Acadia Heights Drive","Charlotte","NC","28217","true","false","true","true","true","","","2025-04-10","2025-04-10","2023-06-26","2026-01-07T20:44:56.000Z","2024-09-19T12:29:56.000Z"
"a13UL00000VspTyYAJ","de6fe46e-854a-493e-80e5-a8a8a40ea590","Independence Place / El Paso","Independence Place / El Paso","a7fd2a14-295a-483a-868c-200cb84ad47a","dRAs7BkfMT","4011 Alabama Street","El Paso","TX","79930","true","false","true","true","true","","","2025-07-07","2025-07-07","2025-07-07","2026-01-07T20:44:56.000Z","2025-07-08T13:20:50.000Z"
"a13UL00000VspTtYAJ","3570f9c1-9137-4322-bbac-dc2ebd6850d3","Oakwood Crossing","Oakwood Crossing","a7fd2a14-295a-483a-868c-200cb84ad47a","DRvnIijJt5","3210 Harvey Road","College Station","TX","77845","true","false","true","true","true","","","2025-07-07","2025-07-07","2025-07-07","2026-01-07T20:44:56.000Z","2025-07-08T13:20:50.000Z"
"a13UL00000FCmABYA1","5d32a326-c443-4fec-ba14-40636e0b4288","The Residences of Highland","The Residences of Highland","7edcc5d9-e786-4600-a76a-b633d35df461","zEcN1rCRJR","3784 West 88th Court","Hialeah","FL","33018","true","false","true","true","true","","","2025-04-10","2025-04-10","2024-01-12","2026-01-07T20:44:56.000Z","2024-09-19T12:29:54.000Z"
"a13UL00000EKkqmYAD","c5bf2d45-15ba-41c1-8177-3a875d79d801","Alexan Cypress Creek","Alexan Cypress Creek","e4c12d26-aefe-4265-8c1b-3aee18484720","2qO6ujlumu","9302 Fry Road","Cypress","TX","77433","true","true","true","true","true","","2025-11-26","2024-12-18","2024-12-18","2024-04-09","2026-01-07T20:44:56.000Z","2024-08-30T01:49:17.000Z"
"a13UL00000fe8IkYAI","6c7608e7-e2da-4fa3-81bf-01ec1342e958","Chandelier - MS","Chandelier - MS","a7fd2a14-295a-483a-868c-200cb84ad47a","fddH7gDrPc","2336 Douglas Street","Austin","TX","78741","true","true","true","true","true","","2025-10-31","2025-11-17","2025-10-31","2025-10-31","2026-01-07T20:44:56.000Z","2025-11-01T13:21:04.000Z"
"a13UL00000gOt79YAC","122f76c5-3ea4-4323-a955-7c7361451c1c","Harper","Harper","7edcc5d9-e786-4600-a76a-b633d35df461","l4sJE8f262","80 Rugg Road","Allston","MA","02134","true","true","true","true","true","","2025-11-10","2025-11-10","2025-11-10","2025-11-10","2026-01-07T20:44:56.000Z","2025-11-11T14:21:24.000Z"
"a13UL00000L8xw7YAB","67fcd1bf-bb42-41ba-931e-2399dc57f39c","The Standards at Legacy","The Standards at Legacy","d15d4793-50fc-44aa-a316-4a96f023ddb5","b8Rz0wvkKX","1938 East Sonterra Boulevard","San Antonio","TX","78232","true","true","true","true","true","","2025-11-10","2025-11-10","2025-11-10","2025-11-10","2026-01-07T20:44:56.000Z","2025-02-06T11:59:08.000Z"
"a13UL00000WoXxtYAF","f569ad5e-e463-48aa-b136-8b26040dc111","The Sophia","The Sophia","ca9ed875-c15b-489e-87f2-e42f0b845088","YbMfCbSz8E","5055 Broadway","New York","NY","10034","true","false","true","true","true","","","2025-07-18","2025-07-18","2025-07-18","2026-01-07T20:44:56.000Z","2025-07-19T13:20:47.000Z"
"a13UL00000fENdHYAW","d06c6417-89cb-4d22-869e-8d032bcdd8c8","The Retreat at Stafford","The Retreat at Stafford","a7fd2a14-295a-483a-868c-200cb84ad47a","sO9X3MbQD8","12700 Stafford Rd","Stafford","TX","77477","true","true","true","true","true","","2025-11-18","2025-11-17","2025-10-28","2025-10-28","2026-01-07T20:44:56.000Z","2025-10-29T13:21:31.000Z"
"a13UL00000h3TAbYAM","46bffe1c-aa66-42a3-97fc-98877eace1ac","Villa la Charles","Villa la Charles","a7fd2a14-295a-483a-868c-200cb84ad47a","jKfufdVuhW","12200 Montgomery Boulevard Northeast","Albuquerque","NM","87111","true","false","true","true","true","","","2025-07-07","2025-07-07","2025-07-07","2026-01-07T20:44:56.000Z","2025-11-18T21:22:40.000Z"
"a13UL00000L8ztnYAB","a5ba8bf2-037c-4bcf-bc23-0df15978e691","Delamarre at Celebration","Delamarre at Celebration","8cb9636d-04a4-42e2-8021-edf08336222b","2eqSEJe0MV","660 Dumont St","Celebration","FL","34747","true","true","true","true","true","","2025-11-12","2025-11-12","2025-11-12","2024-03-05","2026-01-07T20:44:56.000Z","2025-02-06T11:59:08.000Z"
"a13UL00000EKkZOYA1","923aa6af-8e33-41f3-9882-310b7ea7f290","Tides on Cambridge","Tides on Cambridge","a7fd2a14-295a-483a-868c-200cb84ad47a","VFfDTAOdqW","3675 Cambridge Street","Las Vegas","NV","89169","false","false","false","false","true","","","","","2023-07-13","2026-01-07T20:44:56.000Z","2024-08-30T01:49:15.000Z"
"a13UL00000Ef1JnYAJ","24e680c7-295b-4378-a30f-fcd94de9b5e6","The Riley","The Riley","1ec9302d-29c8-4a26-a763-8725935b9314","XsnXAPNg5x","7725 West Lower Buckeye","Phoenix","AZ","85043","true","false","true","true","true","","","2025-05-06","2025-05-06","2024-09-04","2026-01-07T20:44:56.000Z","2024-09-06T01:12:27.000Z"
"a13UL00000FpxdUYAR","9b485fa9-26d3-4516-9159-785a5d0d6c37","Arista","Arista","1ec9302d-29c8-4a26-a763-8725935b9314","7mWeucaLgJ","4715 25th Ave NE","Seattle","WA","98105","true","true","true","true","true","","2025-09-26","2025-05-06","2025-05-06","2024-10-03","2026-01-07T20:44:56.000Z","2024-10-04T13:07:42.000Z"
"a13UL00000IdhKgYAJ","40f99c5c-316e-4317-8d38-5d47d29e3623","77 12th","77 12th","0d86c177-febc-4719-b33d-8fdda9f81643","ZCFy1H3ohB","77 12th St NE","Atlanta","GA","30309","false","true","true","true","true","","2025-11-14","2025-04-28","2025-04-28","2024-02-07","2026-01-07T20:44:56.000Z","2024-12-03T12:06:01.000Z"
"a13UL00000EKkdvYAD","5ba1f23e-9da9-4913-a413-2e8c4d6a0012","The Eden","The Eden","1ec9302d-29c8-4a26-a763-8725935b9314","ce249ayLaC","602 Galer St","Seattle","WA","98109","false","false","true","true","true","","","2025-05-06","2025-05-06","2024-08-08","2026-01-07T20:44:56.000Z","2024-08-30T01:49:15.000Z"
"a13UL00000h3UUcYAM","61b60819-66e3-4715-a694-01f9eba51ac5","Stacks on Main","Stacks on Main","51bfc342-5ac9-4ffd-937f-2eed9665f491","8tNI3eP6eq","535 Main Street","Nashville","TN","37206","true","true","true","true","true","","2025-11-20","2025-11-20","2025-11-20","2025-11-20","2026-01-07T20:44:56.000Z","2025-11-18T21:24:37.000Z"
"a13UL00000h3Si6YAE","7bfa051e-76a9-4f27-bc3a-5c404f69ea1b","Cibola Village","Cibola Village","a7fd2a14-295a-483a-868c-200cb84ad47a","bLamHpomgv","12400 Montgomery Boulevard Northeast","Albuquerque","NM","87111","true","false","true","true","true","","","2025-07-07","2025-07-07","2025-07-07","2026-01-07T20:44:56.000Z","2025-11-18T21:21:59.000Z"
"a13UL00000GnRkHYAV","e7e23048-9d6e-4e38-99a2-d88bd62c212e","The Rivet","The Rivet","d15d4793-50fc-44aa-a316-4a96f023ddb5","kLyqkjEnfK","2050 Market Street","Reno","NV","89502","true","true","true","true","true","","2025-12-23","2025-12-23","2025-12-23","2024-10-28","2026-01-07T20:44:56.000Z","2024-10-29T13:10:29.000Z"
"a13UL00000EKkiRYAT","c9d1925a-4389-44c9-ad4a-beb2d54c965f","10X Las Olas Walk","10X Las Olas Walk","a7fd2a14-295a-483a-868c-200cb84ad47a","QLpbO5DL8c","106 S Federal Highway","Fort Lauderdale","FL","33301","false","false","false","false","true","","","","","2023-09-22","2026-01-07T20:44:56.000Z","2024-08-30T01:49:16.000Z"
"a13UL00000WB2vTYAT","55678c3f-4ab3-4157-a320-4482ad6199db","Array at West Alex","Array at West Alex","1ec9302d-29c8-4a26-a763-8725935b9314","BRMJYYsYzk","3445 Berkeley Street","Alexandria","VA","22302","true","false","true","true","true","","","2025-07-10","2025-07-10","2025-07-10","2026-01-07T20:44:56.000Z","2025-07-11T13:20:17.000Z"
"a13UL00000TIBR8YAP","922b8ea6-540a-4a65-a656-d8122e196ab1","Mila","Mila","51f44d0f-9a44-4b05-a62e-9b67cfb079fa","cOI5Snw5YJ","15970 Manchester Road","Ellisville","MO","63011","true","true","true","true","true","","2025-09-15","2025-06-05","2025-06-05","2025-06-05","2026-01-07T20:44:56.000Z","2025-06-06T13:20:12.000Z"
"a13UL00000EKkYRYA1","7b36ba55-7945-419c-baf1-d504783e81c4","Palm Court","Palm Court","1ec9302d-29c8-4a26-a763-8725935b9314","vmvPlBffIb","20401 N. 19th Avenue","Phoenix","AZ","85027","true","false","true","true","true","","","2025-05-06","2025-05-06","2022-12-10","2026-01-07T20:44:56.000Z","2024-08-30T01:49:15.000Z"
"a13UL00000eqG3HYAU","62088cbb-5a63-4749-9b72-d873d76a0f75","Jackson Hill","Jackson Hill","1ec9302d-29c8-4a26-a763-8725935b9314","5ZlmE9cHYZ","320 Jackson Hill","Houston","TX","77007-7433","true","true","true","true","true","","2025-10-31","2025-10-31","2025-10-31","2025-10-24","2026-01-07T20:44:56.000Z","2025-10-25T13:21:23.000Z"
"a13UL00000KwYuPYAV","88b376b7-95e6-49bf-9335-1699c7b45916","Crossing at Katy Ranch","Crossing at Katy Ranch","4094b5a1-fa4c-4d9a-a816-ebfea4b45fd1","sJt6wuHsGS","24949 Katy Ranch Rd","Katy","TX","77494","false","false","true","true","true","","","2025-04-28","2025-04-28","2023-11-20","2026-01-07T20:44:56.000Z","2025-02-01T12:09:30.000Z"
"a13UL00000K8fVlYAJ","e7b99deb-a14b-4485-9d19-4ddfe33c2795","Riverwalk","Riverwalk","9baa881a-9bb6-480e-9cc4-23d35151e228","Y8u8IAEngC","2550 Wedgefield Court","Columbus","GA","31903","true","false","true","true","true","","","2025-01-15","2025-01-13","2025-01-10","2026-01-07T20:44:56.000Z","2025-01-11T11:58:20.000Z"
"a13UL00000hLd2UYAS","eb563651-0790-41e2-8d45-74d67c69c008","10X Harbour Palms","10X Harbour Palms","a7fd2a14-295a-483a-868c-200cb84ad47a","TK0falgHpR","1811 SE Walton Lakes Dr","Port Saint Lucie","FL","34952","false","false","false","false","true","","","","","2023-09-22","2026-01-07T20:43:53.000Z","2025-11-20T20:11:53.000Z"
"a13UL00000hLd39YAC","d5a7aad0-fae9-4f15-a60c-40162a9b8b7e","Avalon Burlington","Avalon Burlington","e941b225-8fb5-479c-a5d4-fc23692ccb1c","53fdb2a3c9","1 Arboretum Way","Burlington","MA","01803","false","false","false","true","true","","","","2025-09-08","2025-09-08","2026-01-07T20:43:53.000Z","2025-11-20T20:11:53.000Z"
"a13UL00000hM1f2YAC","8d035bed-2a30-489b-822d-62e9dded722d","Avalon Dogpatch","Avalon Dogpatch","e941b225-8fb5-479c-a5d4-fc23692ccb1c","c684b1d415","800 Indiana Street","San Francisco","CA","94107","false","false","false","true","true","","","","2025-09-08","2025-09-08","2026-01-07T20:43:53.000Z","2025-11-20T20:12:49.000Z"
"a13UL00000hM4dHYAS","848ce341-b739-42b5-96e6-98498e81559e","Autumn Chase - ATU","Autumn Chase - ATU","fcef35fc-516f-4d2a-9898-2dd4a9a8676e","df4841a4bd","11301 NE 7th Street","Vancouver","WA","98684","false","false","false","false","true","","","","","2025-05-15","2026-01-07T20:43:53.000Z","2025-11-20T20:21:25.000Z"
"a13UL00000hM1OsYAK","45554cde-9ecf-42fc-9527-2d9e71c33523","101 Ellwood - IDV ONLY","101 Ellwood - IDV ONLY","b6edb2c7-61c8-4474-a8a9-857ad18fc7e8","bQVQzTnRF0","101 S. Ellwood Ave.","Baltimore","MD","21224","true","false","false","false","true","","","","","2023-08-14","2026-01-07T20:43:53.000Z","2025-11-20T20:12:06.000Z"
"a13UL00000lX6TSYA0","ae2e5956-25aa-4abb-ab50-62234659596b","AVA Wheaton","AVA Wheaton","e941b225-8fb5-479c-a5d4-fc23692ccb1c","OjJyuQ9h2M","2425 Blueridge Avenue","Wheaton","MD","20902","false","false","false","true","true","","","","2025-07-22","2025-04-09","2026-01-07T20:43:53.000Z","2026-01-07T20:43:53.000Z"
"a13UL00000lX6TTYA0","7273270e-cf3c-411b-b777-698b133074bc","Abode at Reid's Cove","Abode at Reid's Cove","7edcc5d9-e786-4600-a76a-b633d35df461","ODNHij7sp8","177 Reids Cove Drive","Mooresville","NC","28117","true","true","true","true","true","","2025-11-21","2025-11-21","2025-11-21","2025-11-21","2026-01-07T20:43:53.000Z","2026-01-07T20:43:53.000Z"
"a13UL00000lX6TQYA0","e8162d68-32a2-4737-bfb5-6389c655b80c","6600 Main","6600 Main","b781464c-5acd-453f-957d-9fb46d10acc8","8uNxvPnkeC","6600 Main St","Hialeah","FL","33014","false","false","false","false","true","","","","","2023-12-04","2026-01-07T20:43:53.000Z","2026-01-07T20:43:53.000Z"
"a13UL00000lX6TbYAK","4bea7313-2f67-46e9-86e4-3da00de5b652","Town Aventura","Town Aventura","6c3c2ce8-ae5e-4109-86b5-3a601e4836ed","ujmCBY8bdr","17900 Northeast 31st Court","Aventura","FL","33160","true","true","true","true","true","","2025-12-02","2025-12-02","2025-12-02","2025-12-02","2026-01-07T20:43:53.000Z","2026-01-07T20:43:53.000Z"
"a13UL00000hLlSNYA0","97676107-4376-4c11-ac93-e0fcae3daa9d","Avalon Bonterra","Avalon Bonterra","e941b225-8fb5-479c-a5d4-fc23692ccb1c","85bb8f2665","3545 W 98th Street","Hialeah","FL","33018","false","false","false","true","true","","","","2025-09-08","2025-09-08","2026-01-07T20:43:53.000Z","2025-11-20T20:11:53.000Z"
"a13UL00000lX6TiYAK","a6574212-4eea-48ab-bd79-a96d87bfa2d3","AVA Pasadena","AVA Pasadena","e941b225-8fb5-479c-a5d4-fc23692ccb1c","Mp9v1xzGg3","385 S Catalina Ave,","Pasadena","CA","91106","false","false","false","true","true","","","","2025-07-22","2022-02-23","2026-01-07T20:43:53.000Z","2026-01-07T20:43:53.000Z"
"a13UL00000lX6ToYAK","23c502c1-799b-44b2-9eb4-6ca894315218","Avalon Woodland Hills","Avalon Woodland Hills","e941b225-8fb5-479c-a5d4-fc23692ccb1c","kjMP66kyRR","20544 Ventura Blvd","Woodland Hills","CA","91364","false","false","false","true","true","","","","2025-07-22","2022-02-23","2026-01-07T20:43:53.000Z","2026-01-07T20:43:53.000Z"
"a13UL00000lX6ThYAK","7c8ec5c1-0372-483d-b95b-05f6fae7b7cf","AVA 55 Ninth","AVA 55 Ninth","e941b225-8fb5-479c-a5d4-fc23692ccb1c","b1fd72fc00","55 Ninth Street","San Francisco","CA","94103","false","false","false","true","true","","","","2025-09-08","2025-09-08","2026-01-07T20:43:53.000Z","2026-01-07T20:43:53.000Z"
"a13UL00000lX6TtYAK","8fb5512e-6f77-45e5-9e18-2ebe86c52d02","Avana Cumberland-15077","Avana Cumberland-15077","75f52d49-3aa1-4e27-8de3-c09b0503f34e","1c6be54bbb","2383 Akers Mill Road","Atlanta","GA","30339","false","false","false","true","true","","","","2025-08-19","2025-08-19","2026-01-07T20:43:53.000Z","2026-01-07T20:43:53.000Z"
"a13UL00000lX6TrYAK","99b22c36-df18-43f9-9605-9f5e8ae645f5","Avalon at Mission Bay III","Avalon at Mission Bay III","e941b225-8fb5-479c-a5d4-fc23692ccb1c","350a6acc68","383 King Street","San Francisco","CA","94158","false","false","false","true","true","","","","2025-09-08","2025-09-08","2026-01-07T20:43:53.000Z","2026-01-07T20:43:53.000Z"
"a13UL00000lX6TvYAK","836d1312-8bfa-40e2-9ab7-80819531257f","Avalon Old Bridge","Avalon Old Bridge","e941b225-8fb5-479c-a5d4-fc23692ccb1c","30f9ffed7a","1 Avalon Way","Old Bridge","NJ","08857","false","false","false","true","true","","","","2025-09-08","2025-09-08","2026-01-07T20:43:53.000Z","2026-01-07T20:43:53.000Z"
"a13UL00000lX6TqYAK","2f76d9b3-4081-45ba-b469-600e6acb2ea4","Avalon at Foxhall","Avalon at Foxhall","e941b225-8fb5-479c-a5d4-fc23692ccb1c","9f65f1eee6","4100 Massachusetts Avenue N.W.","Washington","DC","20016","false","false","false","true","true","","","","2025-09-08","2025-09-08","2026-01-07T20:43:53.000Z","2026-01-07T20:43:53.000Z"
"a13UL00000lX6TwYAK","f94eceef-0759-45fd-a970-6b4335394998","Avalon Esterra Park","Avalon Esterra Park","e941b225-8fb5-479c-a5d4-fc23692ccb1c","6b20a8c3c6","2690 152nd Ave NE","Redmond","WA","98052","false","false","false","true","true","","","","2025-09-08","2025-09-08","2026-01-07T20:43:53.000Z","2026-01-07T20:43:53.000Z"
"a13UL00000lX6TkYAK","5a07c65f-83b2-4e6a-86f4-583dffd17ef6","Avalon 555 President","Avalon 555 President","e941b225-8fb5-479c-a5d4-fc23692ccb1c","axrnu55XZD","555 President Street","Baltimore","MD","21202","false","false","false","true","true","","","","2025-07-22","2025-04-09","2026-01-07T20:43:53.000Z","2026-01-07T20:43:53.000Z"
"a13UL00000lX6TaYAK","6b0a4350-6aea-473e-9c06-4fdb5aec5704","Avana Maple Grove","Avana Maple Grove","1ec9302d-29c8-4a26-a763-8725935b9314","ktJrYBjkP1","9325 Garland Lane North","Maple Grove","MN","55311","true","true","true","true","true","","2025-12-04","2025-12-04","2025-12-04","2025-12-04","2026-01-07T20:43:53.000Z","2026-01-07T20:43:53.000Z"
"a13UL00000lX6TeYAK","0d91a6b8-935f-4d74-84d6-508272386b1d","Aspire of the High Desert","Aspire of the High Desert","db2182e0-7f59-44cb-bc0a-314d5af93f4b","Tyktx8QolQ","14450 El Evado Rd Victorville, California","Victorville","CA","92392","true","true","true","true","true","","2025-12-19","2025-12-04","2025-12-04","2025-12-04","2026-01-07T20:43:53.000Z","2026-01-07T20:43:53.000Z"
"a13UL00000lX6TlYAK","b2383303-23d4-4f09-b296-6927286c4d8e","Avalon Arundel Crossing","Avalon Arundel Crossing","e941b225-8fb5-479c-a5d4-fc23692ccb1c","KemcSucMu3","820 Concorde Circle","Linthicum Heights","MD","21090","false","false","false","true","true","","","","2025-07-22","2025-04-09","2026-01-07T20:43:53.000Z","2026-01-07T20:43:53.000Z"
"a13UL00000lX6TfYAK","4187297a-7678-45b1-a009-1f41c79a3433","Ashford","Ashford","1ec9302d-29c8-4a26-a763-8725935b9314","bmSrcSUAnN","625 South Redwood Road","Salt Lake City","UT","84104","true","true","true","true","true","","2025-12-17","2025-12-17","2025-12-17","2025-12-17","2026-01-07T20:43:53.000Z","2026-01-07T20:43:53.000Z"
"a13UL00000lX6TUYA0","684a0c3d-ca2a-4ac8-aaf4-1ffa86ddef68","Acacia Apartments-16505","Acacia Apartments-16505","75f52d49-3aa1-4e27-8de3-c09b0503f34e","50f673e093","808 W. 2nd Avenue Office","Chico","CA","95926","false","false","false","true","true","","","","2025-02-03","2025-02-03","2026-01-07T20:43:53.000Z","2026-01-07T20:43:53.000Z"
"a13UL00000lX6TRYA0","5ea1cdc7-fb7c-498e-a30c-a0bd0a36518d","624 Yale Apartments - 18165","624 Yale Apartments - 18165","75f52d49-3aa1-4e27-8de3-c09b0503f34e","48d872aa70","624 Yale Ave N","Seattle","WA","98109","false","false","false","true","true","","","","2024-10-16","2024-09-17","2026-01-07T20:43:53.000Z","2026-01-07T20:43:53.000Z"
"a13UL00000lX6TVYA0","c27c411f-da1c-4be6-b57d-784800fa2b3a","Alister Parx II","Alister Parx II","b9ecdb4c-57aa-4d87-91d3-fcd2a49638c0","nJeEyuDPkw","12102 4th Avenue West","Everett","WA","98204","false","false","false","false","true","","","","","2025-12-22","2026-01-07T20:43:53.000Z","2026-01-07T20:43:53.000Z"
"a13UL00000lX6TOYA0","da102919-25db-40e8-9efa-cc73f5c02b7b","1600 Glenarm Place","1600 Glenarm Place","1ec9302d-29c8-4a26-a763-8725935b9314","qh1NzV1KNg","1600 Glenarm Place Denver, Colorado","Denver","CO","80202","true","false","true","true","true","","","2025-12-02","2025-12-02","2025-12-02","2026-01-07T20:43:53.000Z","2026-01-07T20:43:53.000Z"
"a13UL00000hM66OYAS","8a9d2919-b5f9-4e35-922a-e2e7152c3b43","Avalon Falls Church","Avalon Falls Church","e941b225-8fb5-479c-a5d4-fc23692ccb1c","c21ef59834","6600 Colton Crawford Circle","Falls Church","VA","22042","false","false","false","true","true","","","","2025-09-08","2025-09-08","2026-01-07T20:43:53.000Z","2025-11-20T20:22:38.000Z"
"a13UL00000lX6TZYA0","b4e79ec6-47ce-4776-b9e0-c12993ef8ea4","Arbor Creek Apartments - 18165","Arbor Creek Apartments - 18165","75f52d49-3aa1-4e27-8de3-c09b0503f34e","8989a02e8e","3280 SW 170th Ave","Beaverton","OR","97003","false","false","false","true","true","","","","2024-10-16","2024-09-14","2026-01-07T20:43:53.000Z","2026-01-07T20:43:53.000Z"
"a13UL00000lX6TdYAK","fe7396c2-ab8b-4f62-b6f7-ca6707ba1ea6","The Ardea Apartments - 18165","The Ardea Apartments - 18165","75f52d49-3aa1-4e27-8de3-c09b0503f34e","6b318211b3","3720 S Bond Ave","Portland","OR","97239","false","false","false","true","true","","","","2024-10-16","2024-09-17","2026-01-07T20:43:53.000Z","2026-01-07T20:43:53.000Z"
"a13UL00000lX6TgYAK","947f9f1f-a00e-4ae1-9175-1e27f40ac5e8","Addison Apts at the Park II","Addison Apts at the Park II","0506a401-5449-4f51-b236-bf271f3c2b73","mLkQIjVHvw","3925 Vitruvian Way","Dallas","TX","75001","false","true","true","true","true","","2025-11-04","2025-07-16","2025-05-22","2024-10-08","2026-01-07T20:43:53.000Z","2026-01-07T20:43:53.000Z"
"a13UL00000lX6TjYAK","3d076c51-710d-48c2-a225-af8799670c4a","AVA Studio City II","AVA Studio City II","e941b225-8fb5-479c-a5d4-fc23692ccb1c","GYnzr7JcbY","10979 Bluffside Dr","Studio City","CA","91604","false","false","false","true","true","","","","2025-07-22","2022-02-23","2026-01-07T20:43:53.000Z","2026-01-07T20:43:53.000Z"
"a13UL00000lX6TnYAK","bfdc3747-e8db-4f18-a609-22836cd8edc5","Augusta Apartments - 18165","Augusta Apartments - 18165","75f52d49-3aa1-4e27-8de3-c09b0503f34e","ebba4e1b2b","4041 Roosevelt Way NE","Seattle","WA","98105","false","false","false","true","true","","","","2024-10-16","2024-09-15","2026-01-07T20:43:53.000Z","2026-01-07T20:43:53.000Z"
"a13UL00000lX6TpYAK","90d11732-20e9-4695-bf05-38259184a422","Avalon at Edgewater II","Avalon at Edgewater II","e941b225-8fb5-479c-a5d4-fc23692ccb1c","OKcew6hXya","100 River Mews Lane","Edgewater","NJ","07020","false","false","false","true","true","","","","2025-08-25","2025-08-25","2026-01-07T20:43:53.000Z","2026-01-07T20:43:53.000Z"
"a13UL00000lX6TsYAK","52e8336f-fc36-476e-9f32-b88663c08e82","Avalon at Traville","Avalon at Traville","e941b225-8fb5-479c-a5d4-fc23692ccb1c","EIDkHVBrmg","14240 Alta Oaks Drive","North Potomac","MD","20850","false","false","false","true","true","","","","2025-08-25","2025-08-25","2026-01-07T20:43:53.000Z","2026-01-07T20:43:53.000Z"
"a13UL00000lX6TuYAK","2aefab22-b721-45ef-a5f0-4468a78933ee","Avanti at Farmington Station","Avanti at Farmington Station","1ec9302d-29c8-4a26-a763-8725935b9314","KRfkx7BOnz","736 West State St","Farmington","UT","84025","true","true","true","true","true","","2026-01-02","2026-01-02","2026-01-02","2026-01-02","2026-01-07T20:43:53.000Z","2026-01-07T20:43:53.000Z"
"a13UL00000lX6TPYA0","066924e5-94ac-4f95-bbb8-630d01a976a8","481 on Mathilda","481 on Mathilda","1ec9302d-29c8-4a26-a763-8725935b9314","ch2XJTKXnL","481 South Mathilda Avenue","Sunnyvale","CA","94086","true","true","true","true","true","","2025-12-09","2025-12-09","2025-12-09","2025-12-09","2026-01-07T20:43:53.000Z","2026-01-07T20:43:53.000Z"
"a13UL00000lX6TWYA0","a658ce8d-d5af-45ca-88ee-e4826a1c86c3","Albion on Lake Cook","Albion on Lake Cook","1ec9302d-29c8-4a26-a763-8725935b9314","5r1NktHPAr","500 East Constitution Drive","Palatine","IL","60074","true","true","true","true","true","","2025-12-17","2025-12-17","2025-12-17","2025-12-17","2026-01-07T20:43:53.000Z","2026-01-07T20:43:53.000Z"
"a13UL00000hM1ffYAC","41152896-44d1-41eb-83df-f9c899497c6a","Avalon Bear Hill","Avalon Bear Hill","e941b225-8fb5-479c-a5d4-fc23692ccb1c","5ffb2e9b6e","1449 Main St.","Waltham","MA","02451","false","false","false","true","true","","","","2025-09-08","2025-09-08","2026-01-07T20:43:53.000Z","2025-11-20T20:13:20.000Z"
"a13UL00000hM1ctYAC","741d6f27-2e96-4631-85d8-2c36535a9ab0","Avalon Bloomfield Station","Avalon Bloomfield Station","e941b225-8fb5-479c-a5d4-fc23692ccb1c","7640e6fb9a","300 Glenwood Ave, Suite 1000","Bloomfield","NJ","07003","false","false","false","true","true","","","","2025-09-08","2025-09-08","2026-01-07T20:43:53.000Z","2025-11-20T20:12:34.000Z"
"a13UL00000hM1flYAC","93273e60-125d-4984-86fb-e8fe7fb5b052","Avalon 850 Boca","Avalon 850 Boca","e941b225-8fb5-479c-a5d4-fc23692ccb1c","81514e9e6d","850 Broken Sound Pkwy NW","Boca Raton","FL","33487","false","false","false","true","true","","","","2025-09-08","2025-09-08","2026-01-07T20:43:53.000Z","2025-11-20T20:13:20.000Z"
"a13UL00000hLlRsYAK","8e1183eb-e02d-4cbd-88a5-5bca21ddb4c1","Avalon Willoughby Square","Avalon Willoughby Square","e941b225-8fb5-479c-a5d4-fc23692ccb1c","7eb65f3dc5","214 Duffield Street","Brooklyn","NY","11201","false","false","false","true","true","","","","2025-09-08","2025-09-08","2026-01-07T20:43:53.000Z","2025-11-20T20:11:53.000Z"
"a13UL00000hLlSHYA0","7eb11e47-b6c2-49b8-97f3-578fedd7654a","AVA Capitol Hill","AVA Capitol Hill","e941b225-8fb5-479c-a5d4-fc23692ccb1c","dc896cc7e7","1530 Belmont Ave","Seattle","WA","98122","false","false","false","true","true","","","","2025-09-08","2025-09-08","2026-01-07T20:43:53.000Z","2025-11-20T20:11:53.000Z"
"a13UL00000lX6TmYAK","63f8c06a-0d5e-49b9-9f33-ed41c168120a","Mallard Pointe at Riverbend - MPRI","Mallard Pointe at Riverbend - MPRI","fcef35fc-516f-4d2a-9898-2dd4a9a8676e","596bf5fd16","802 45th St NE","Auburn","WA","98002","false","false","false","false","true","","","","","2025-06-09","2026-01-07T20:43:53.000Z","2026-01-07T20:43:53.000Z"
"a13UL00000hM2ZkYAK","253c727c-ecc3-4b31-937f-a9817501cc6f","Aspire Lenox Park - MS","Aspire Lenox Park - MS","a7fd2a14-295a-483a-868c-200cb84ad47a","ZdsAI78tAj","1050 Lenox Park Boulevard Northeast","Atlanta","GA","30319","true","true","true","true","true","","2025-10-31","2025-11-17","2025-10-31","2025-10-31","2026-01-07T20:43:53.000Z","2025-11-20T20:15:47.000Z"
"a13UL00000lX6TXYA0","52de1495-d12a-4a1c-8d74-e8ac97d6fb04","Albion on Northwest","Albion on Northwest","1ec9302d-29c8-4a26-a763-8725935b9314","qlVDbydqbA","875 Sterling Ave","Palatine","IL","60067-8479","true","true","true","true","true","","2026-01-02","2026-01-02","2026-01-02","2026-01-02","2026-01-07T20:43:53.000Z","2026-01-07T20:43:53.000Z"
"a13UL00000lX6TYYA0","0bc40fad-123f-4689-a317-2a4eec7ea1bc","Anaheim Cottages","Anaheim Cottages","9aebb321-8f98-4071-a8ca-12d09b19df4f","1Vc6txyZKC","2544 West Winston Road","Anaheim","CA","92804","true","true","true","true","true","","2026-01-05","2026-01-05","2026-01-05","2026-01-05","2026-01-07T20:43:53.000Z","2026-01-07T20:43:53.000Z"
"a13UL00000lX6TcYAK","d72d2ef2-3c21-4b58-bfc6-46be8966b92d","Arbors at Winters Chapel - MS","Arbors at Winters Chapel - MS","a7fd2a14-295a-483a-868c-200cb84ad47a","V2HjoxYWs4","Old Winters Chapel Road","Doraville","GA","30360","true","true","true","true","true","","2025-12-31","2025-12-31","2025-12-31","2025-12-31","2026-01-07T20:43:53.000Z","2026-01-07T20:43:53.000Z"
"a13UL00000lX6TNYA0","82578be6-9983-480e-87f2-b62c62397db3","10X Stella at Riverstone","10X Stella at Riverstone","e4c12d26-aefe-4265-8c1b-3aee18484720","a8JuEMubAn","4711 LJ Parkway Sugar Land, Texas 77479","Sugar Land","TX","77479","true","true","true","true","true","","2025-12-11","2025-12-11","2025-12-11","2025-12-11","2026-01-07T20:43:53.000Z","2026-01-07T20:43:53.000Z"
"a13UL00000hMJbBYAW","c4878ca1-4d18-4e5c-b60f-fbba7a4c3567","Avalon San Bruno III","Avalon San Bruno III","e941b225-8fb5-479c-a5d4-fc23692ccb1c","adbc9cddfd","1099 Admiral Ct.","San Bruno","CA","94066","false","false","false","true","true","","","","2025-09-08","2025-09-08","2026-01-07T20:43:53.000Z","2025-11-20T20:52:18.000Z"
"a13UL00000FCmQ1YAL","eb64681b-f57b-4f54-bb0a-1ef532b62a1e","Sunscape","Lewis Apartment Communities","47fefa42-04a4-4fe5-a73b-5f0ea15773f6","mRvledCTlf","8840 19th St","Rancho Cucamonga","","91701","true","true","true","true","true","","2025-11-04","2025-07-30","2025-07-30","2021-12-01","2026-01-07T11:21:12.000Z","2024-09-19T12:29:56.000Z"
"a13UL00000EKkkjYAD","0d9be096-404e-4cbc-b648-7ad95d789112","Alexan Junction Heights","ZRS Management LLC","e4c12d26-aefe-4265-8c1b-3aee18484720","cPp1bFLn2v","3003 Summer Street","Houston","","77007","true","false","true","true","true","","","2024-12-18","2024-12-18","2023-02-01","2026-01-07T11:21:12.000Z","2024-08-30T01:49:16.000Z"
"a13UL00000JMQ9VYAX","36bf8186-c23b-4002-aeca-b71b6e768fea","Mallory Eastside","ZRS Management LLC","e4c12d26-aefe-4265-8c1b-3aee18484720","4O6rU0L2Bx","1705 N Greenville Avenue","Richardson","TX","75081","true","false","true","true","true","","","2024-12-18","2024-12-18","2024-12-17","2026-01-07T11:21:12.000Z","2024-12-18T12:02:45.000Z"
"a13UL00000JMQ9DYAX","b3a0f534-65b5-4cab-9b9d-0b57e9a7ed01","101 Via Mizner","ZRS Management LLC","e4c12d26-aefe-4265-8c1b-3aee18484720","UiZacRiMWL","101 E Camino Real","Boca Raton","FL","33432","true","false","true","true","true","","","2024-12-18","2024-12-18","2024-12-17","2026-01-07T11:21:12.000Z","2024-12-18T12:02:45.000Z"
"a13UL00000JEkRPYA1","e5c921b0-c519-483e-8954-4665e1da2a5a","Country Club Tower Apartments","United Property Management","a6ee8df4-959f-4555-8824-3eabe2aca291","S8EryIEW4y","18335 NW 68th Avenue","Hialeah","FL","33015","true","false","false","true","true","","","","2024-11-14","2022-08-15","2026-01-07T11:21:12.000Z","2024-12-14T12:09:26.000Z"
"a13UL00000JMQ9KYAX","d5328c5c-7a98-4634-85ea-b98ed4b18f89","Uptown at St Johns","ZRS Management LLC","e4c12d26-aefe-4265-8c1b-3aee18484720","Ao6WHV22Zz","5290 Big Island Dr","Jacksonville","FL","32246","true","false","true","true","true","","","2024-12-18","2024-12-18","2024-12-17","2026-01-07T11:21:12.000Z","2024-12-18T12:02:45.000Z"
"a13UL00000JPE5BYAX","68731bcf-35f4-40c4-99f6-42a3b8269ecb","Hensley at Corona Pointe","AVENUE5 RESIDENTIAL","d15d4793-50fc-44aa-a316-4a96f023ddb5","Qti0Df2N0l","1171 E Baywood Dr","Corona","","92881","true","false","false","false","true","","","","","2024-12-18","2026-01-07T11:21:12.000Z","2024-12-19T12:00:30.000Z"
"a13UL00000JEkQiYAL","7f9c84e2-59cd-46ab-8f4b-2e8ec662fae7","Walton Grove","Walton Communities","ab79a6e1-ea38-4302-80a4-f76cf06d2afc","wPHFrHKXwr","2550 Cumberland Blvd SE","Smyrna","GA","30080","true","true","true","true","true","","2025-10-17","2025-02-10","2025-02-10","2022-12-09","2026-01-07T11:21:12.000Z","2024-12-14T12:09:24.000Z"
"a13UL00000EKkahYAD","ae8b066f-b2f6-4c74-a0b9-6b8d29c3df6f","Art House Sawyer Yards","Greystar","1ec9302d-29c8-4a26-a763-8725935b9314","aBciEWpoYa","2121 Edwards St","Houston","TX","77007","true","true","true","true","true","","2025-09-26","2025-05-06","2025-05-06","2021-12-07","2026-01-07T11:21:12.000Z","2024-08-30T01:49:15.000Z"
"a13UL00000JEkQoYAL","45c3031f-9a33-4d30-9a78-63a128c22084","Fairways at Feather Sound","American Landmark","584fb3ae-aa33-409f-b84e-2d7856a0d95d","GqTudQVz9E","13621 Feather Sound Circle E","Clearwater","FL","33762","true","true","true","true","true","","2025-09-30","2025-03-24","2025-03-24","2022-05-04","2026-01-07T11:21:12.000Z","2024-12-14T12:09:24.000Z"
"a13UL00000EKkalYAD","a448d246-390e-462f-9e39-c52449682351","Stone Canyon","Greystar","1ec9302d-29c8-4a26-a763-8725935b9314","gcyEj9qBkn","5100 Quail Run Road","Riverside","CA","92507","true","true","true","true","true","","2025-12-15","2025-12-15","2025-12-15","2022-11-02","2026-01-07T11:21:12.000Z","2024-08-30T01:49:15.000Z"
"a13UL00000FClw4YAD","e9c5857a-c95f-499e-803d-8e71eab07507","The Monet","AVENUE5 RESIDENTIAL","d15d4793-50fc-44aa-a316-4a96f023ddb5","OzCyZSKWJ3","3900 Investor Dr","Dallas","TX","75237","false","false","false","false","true","","","","","2024-02-12","2026-01-07T11:21:12.000Z","2024-09-19T12:29:51.000Z"
"a13UL00000JCWBCYA5","1b6fa107-7591-4d44-83ca-7200b529a33d","Sienna Residences","Greystar","1ec9302d-29c8-4a26-a763-8725935b9314","olP6uLYYFf","777 E 3rd St","Pomona","CA","91766","true","false","true","true","true","","","2025-04-03","2025-04-03","2022-02-22","2026-01-07T11:21:12.000Z","2024-12-13T12:01:29.000Z"
"a13UL00000FCmOBYA1","807f8392-afe1-4656-a5db-fe44973d6485","Lumina Mountain Vista - LMV","ResidentIQ","fcef35fc-516f-4d2a-9898-2dd4a9a8676e","8f9bfa1d9e","10631 E Southern Ave","Mesa","","85209","false","false","false","false","true","","","","","2024-05-29","2026-01-07T11:21:12.000Z","2024-09-19T12:29:56.000Z"
"a13UL00000EKkIlYAL","485bc204-ac88-4fe0-b3bb-e54462daef4f","Banner Lane","Greystar","1ec9302d-29c8-4a26-a763-8725935b9314","RkQFJicA7i","22 Banner Lane","Washington","","20001","false","false","true","true","true","","","2025-05-06","2025-05-06","2023-07-19","2026-01-07T11:21:12.000Z","2024-08-30T01:49:12.000Z"
"a13UL00000EKkL0YAL","95547e00-b68b-422c-b078-8d178a8094d0","Harlowe","Greystar","1ec9302d-29c8-4a26-a763-8725935b9314","XL8A7PwDwY","908 Division St","Nashville","","37203","true","true","true","true","true","","2025-09-26","2025-05-06","2025-05-06","2024-02-20","2026-01-07T11:21:12.000Z","2024-08-30T01:49:12.000Z"
"a13UL00000JCWBaYAP","740ba76b-827d-49c1-b694-c64d1480ecec","Vita","Fairfield Residential","1d259073-4b82-4c7b-8be5-035a735ff32e","Wcx9FbqNJY","850 W Town & Country Rd","Orange","CA","92868","false","false","false","false","true","","","","","2021-09-08","2026-01-07T11:21:12.000Z","2024-12-13T12:01:29.000Z"
"a13UL00000JEkQcYAL","1b439602-723c-4a11-8fe2-6ec7ed413560","Scandia Apartments","StoneCreek Communities","bab722f7-b1d6-4628-992c-4f4c7a1f2b63","orUBvQoohF","9250 Kungsholm Drive","Indianapolis","IN","46250","true","false","false","true","true","","","","2024-12-03","2023-12-19","2026-01-07T11:21:12.000Z","2024-12-14T12:09:24.000Z"
"a13UL00000FCmAJYA1","9842f7cd-e15c-4380-9ab9-64b5d6f54f78","Alcott","Kairoi Residential","6981dc4a-74de-4563-a8d2-004fc40b680a","ieJpD8E0G5","2424 Alcott Street","Denver","","80211","false","false","false","false","true","","","","","2024-01-10","2026-01-07T11:21:12.000Z","2024-09-19T12:29:54.000Z"
"a13UL00000FCmOiYAL","b1977c24-075c-4b09-a187-3e43a551533e","San Estrella","Southhampton Management, Inc.","f2fbb456-a07e-4bd4-99bc-997a7fb8c77f","WbRyKACCxj","13475 Rincon Drive","Houston","TX","77077","false","false","true","true","true","","","2025-04-28","2025-04-28","2022-12-12","2026-01-07T11:21:12.000Z","2024-09-19T12:29:56.000Z"
"a13UL00000FClweYAD","50cf10ae-381c-4799-83e5-392844387a65","Ede","Jefferson Apartment Group","e1fd0c3a-7af2-4602-845c-fa8777c5fb7b","OXWiqCZEuX","400 East 7th Street","Frederick","MD","21701","true","false","false","true","true","","","","2024-11-22","2024-04-22","2026-01-07T11:21:12.000Z","2024-09-19T12:29:51.000Z"
"a13UL00000JJmAvYAL","fc9b85f4-cd18-41e5-acd8-5c102a6153de","Hearthstone at City Center - HCC","Inhabit","fcef35fc-516f-4d2a-9898-2dd4a9a8676e","3abe6421e6","932 South Helena Way","Aurora","CO","80017","false","false","false","false","true","","","","","2024-12-16","2026-01-07T11:21:12.000Z","2024-12-17T12:01:36.000Z"
"a13UL00000FCmQwYAL","51568201-9588-4044-b18e-dd4d6e1aba69","Ranch at First Creek","AVENUE5 RESIDENTIAL","d15d4793-50fc-44aa-a316-4a96f023ddb5","6GLlT0UKqB","18493 E Elmendorf Drive","Denver","CO","80249","false","false","false","false","true","","","","","2022-11-10","2026-01-07T11:21:12.000Z","2024-09-19T12:29:56.000Z"
"a13UL00000EKkkmYAD","b2427886-d9a5-437d-80a6-4e9c81862e45","Paso Real-1333-28f1c974-47f6-466c-b286-53387858f659","ResMan","1648ae89-995e-4491-b5a8-b9a3cd5d8f5b","d17e9a1ff1","349 S. Helen Moore Rd","San Benito","TX","78586","false","false","false","true","true","","","","2025-05-01","2024-05-20","2026-01-07T11:21:12.000Z","2024-08-30T01:49:16.000Z"
"a13UL00000FCmA7YAL","8b402684-2102-47a3-9596-d6fbb65ecd09","Windsor Lakeyard District","Windsor Communities","55c97aa0-8d56-400e-8e6f-ef23c39dae1c","2vfcgOt69q","2570 Lake Ridge Rd","The Colony","TX","75056","true","false","true","true","true","","","2025-10-28","2025-10-28","2024-07-08","2026-01-07T11:21:12.000Z","2024-09-19T12:29:54.000Z"
"a13UL00000FClz9YAD","a9f9d036-d4c5-4a17-a194-c924f27df23d","Mountain View Casitas - MVC","ResidentIQ","fcef35fc-516f-4d2a-9898-2dd4a9a8676e","c75042c387","1130 E Grovers Avenue","Phoenix","","85022","false","false","false","false","true","","","","","2024-05-29","2026-01-07T11:21:12.000Z","2024-09-19T12:29:52.000Z"
"a13UL00000JCWBQYA5","8c76efb7-e81d-4ce6-b15a-e356cfa4b21e","Ardmore","K3 Holdings","d06126ee-f784-4ee3-8301-3d17041193e5","7OhyTlHDP3","339 South Ardmore Avenue","Los Angeles","CA","90020","false","false","true","true","true","","","2025-04-28","2025-04-28","2021-08-31","2026-01-07T11:21:12.000Z","2024-12-13T12:01:29.000Z"
"a13UL00000JEkRIYA1","e871e34f-b280-4197-8c73-c6bf88f36b1c","Linea","Greystar","1ec9302d-29c8-4a26-a763-8725935b9314","G0Ee0wkNtX","2435 S Sepulveda Blvd","Los Angeles","CA","90064","true","false","true","true","true","","","2025-04-03","2025-04-03","2021-10-12","2026-01-07T11:21:12.000Z","2024-12-14T12:09:26.000Z"
"a13UL00000JfoyxYAB","cf4553ae-4be1-476e-93a0-2026e5f06c52","Maplewood","Cirrus Asset Management, Inc.","7bbecc87-071f-4fea-927f-3e51f10b689f","zq7it34Diw","5119 Maplewood Ave","Los Angeles","CA","90004-1682","true","false","true","true","true","","","2024-12-27","2024-12-27","2024-12-27","2026-01-07T11:21:12.000Z","2024-12-28T12:10:24.000Z"
"a13UL00000J9cOvYAJ","65d3d420-2610-4e1c-a4c8-0c689abb1261","Sentral Union Station","Sentral","586b0dc4-f136-433c-a44d-1df8e080ed77","G28VCHvylR","1770 Chestnut Pl","Denver","CO","80202","true","false","true","true","true","","","2025-07-29","2025-07-29","2022-10-04","2026-01-07T11:21:12.000Z","2024-12-12T12:02:31.000Z"
"a13UL00000J6fCQYAZ","0bbed7bc-ca44-4ee6-84ad-6eac60c088ed","Vue at Belleair","Greystar","1ec9302d-29c8-4a26-a763-8725935b9314","zy1jXSJ3Zm","1551 Flournoy Circle West","Clearwater","FL","33764","true","false","true","true","true","","","2025-05-06","2025-05-06","2021-09-23","2026-01-07T11:21:12.000Z","2024-12-11T12:02:32.000Z"
"a13UL00000J9cPFYAZ","204b80dd-430f-44dd-8ad8-fbaea0b6a41f","Canyon Crest Views","Afton Properties","2f7d97bf-46bb-42c5-bdfc-1fd40c901401","zUe7atxuMi","5253 El Cerrito Dr","Riverside","","92507","true","true","true","true","true","","2025-11-04","2025-06-02","2025-06-02","2021-08-30","2026-01-07T11:21:12.000Z","2024-12-12T12:02:34.000Z"
"a13UL00000J6fBhYAJ","99b7fa0c-70f3-4299-97cf-13b7e8e79955","Biscayne Shores","Related","8c810655-932d-4515-9f94-152f84a47b9f","enhVMDJRQT","8951 Northeast 8th Avenue","Miami","","33138","false","false","true","true","true","","","2025-07-29","2025-07-29","2024-05-15","2026-01-07T11:21:12.000Z","2024-12-11T12:02:29.000Z"
"a13UL00000FCmK6YAL","f7f602f3-7d60-4582-b0b9-2f896e5c2f11","Valentia by Windsor","Windsor Communities","55c97aa0-8d56-400e-8e6f-ef23c39dae1c","E5zjdqqFYV","951 South Beach","La Habra","CA","90631","true","false","true","true","true","","","2025-10-28","2025-10-28","2024-01-23","2026-01-07T11:21:12.000Z","2024-09-19T12:29:55.000Z"
"a13UL00000J6fByYAJ","50fffc07-8c35-4ac3-aae5-018a3ab0583c","Calibre Brooke","Sterling Realty Management","a74c56a9-b826-4430-8866-58f32601f3e6","ZWc9szE8Jp","100 Calibre Brooke Way Southeast","Smyrna","","30080","true","true","false","true","true","","2025-11-04","","2025-04-10","2024-02-26","2026-01-07T11:21:12.000Z","2024-12-11T12:02:29.000Z"
"a13UL00000J9cQDYAZ","8702a3c3-c2af-49bf-9df6-72df65f4ec13","Bell Cityline","Bell Partners, Inc.","9cd494cd-ddab-4e95-9a92-3416e74001fe","BUNUivX8ik","1230 E Cityline Dr","Richardson","","75082","false","false","false","false","true","","","","","2023-10-11","2026-01-07T11:21:12.000Z","2024-12-12T12:02:34.000Z"
"a13UL00000J6fB4YAJ","a3cf535f-c6b1-4321-801d-6061f12912fd","J Sol","Jefferson Apartment Group","e1fd0c3a-7af2-4602-845c-fa8777c5fb7b","tuvO26sseH","4000 North Fairfax Dr","Arlington","VA","22203","true","false","false","true","true","","","","2024-11-22","2022-07-20","2026-01-07T11:21:12.000Z","2024-12-11T12:02:29.000Z"
"a13UL00000EKkpbYAD","2a891536-dd56-4b82-8c11-456abd7a1e50","Llewellyn","Greystar","1ec9302d-29c8-4a26-a763-8725935b9314","KzL9kL386J","1101 North Main St","Los Angeles","CA","90012","true","false","true","true","true","","","2025-04-03","2025-04-03","2023-10-05","2026-01-07T11:21:12.000Z","2024-08-30T01:49:17.000Z"
"a13UL00000J6fBLYAZ","f7961478-8460-4a55-b31c-f259df29ff6f","Windsor Preston","Windsor Communities","55c97aa0-8d56-400e-8e6f-ef23c39dae1c","FEasrthzyH","7950 Preston Rd","Plano","TX","75024","false","false","false","false","true","","","","","2024-01-25","2026-01-07T11:21:12.000Z","2024-12-11T12:02:29.000Z"
"a13UL00000IifgMYAR","5d760f07-12e3-4861-8683-88fa387437e7","Carlton Arms of Ocala","Mahaffey Apartment Company","cbaf4753-5e86-4d92-9263-3f3988346244","S6lA12zJ1Z","5001 SW 20th St","Ocala","FL","34474","true","true","true","true","true","","2025-09-23","2025-03-26","2025-03-26","2023-05-15","2026-01-07T11:21:12.000Z","2024-12-04T11:59:19.000Z"
"a13UL00000FCmKEYA1","8e6f798e-a47f-4f6b-91d9-ce49ba9d0f9e","Town Vineland","Related","8c810655-932d-4515-9f94-152f84a47b9f","puJQ0qI5GO","10535 Hamilton Dawn Street","Orlando","","32821","false","false","true","true","true","","","2025-07-29","2025-07-29","2024-05-20","2026-01-07T11:21:12.000Z","2024-09-19T12:29:55.000Z"
"a13UL00000IwmoRYAR","686fc6a1-b1a4-448e-9b9c-bc84a3061e00","Miami Bay Waterfront Midtown Residences","United Property Management","a6ee8df4-959f-4555-8824-3eabe2aca291","qFGUD3IFyP","601 Northeast 39th Street","Miami","","33137","true","false","false","true","true","","","","2024-08-28","2022-09-20","2026-01-07T11:21:12.000Z","2024-12-10T12:02:39.000Z"
"a13UL00000J6fBVYAZ","e6ba0ce6-f652-493f-8af3-c55b58196eaa","Ramblewood","Elon Property Management","f472c851-6668-45e4-8cde-ba9cafe61ca0","8RScA2miYf","2549 Center West Parkway","Augusta","GA","30909","true","true","false","true","true","","2025-11-04","","2024-12-10","2024-12-10","2026-01-07T11:21:12.000Z","2024-12-11T12:02:29.000Z"
"a13UL00000J9cQLYAZ","480c229c-001f-4680-ba54-1320b9189771","Forest Place","Pegasus Residential","8470c62c-ff7a-4ce4-aa4b-6a0d84235e09","R8HbrQpIIe","1600 Northeast 135th Street","North Miami","","33181","true","false","true","true","true","","","2024-12-18","2024-12-18","2024-10-18","2026-01-07T11:21:12.000Z","2024-12-12T12:02:34.000Z"
"a13UL00000HaB1wYAF","02bfd48b-be4d-43c4-a21a-5a865d9d7e92","The Blakely","Axia Residential","0d3fd79a-80ef-4516-9118-b8d59e862468","dEakY7xzN1","542 Glenn Gee Road","Pendergrass","GA","30567","false","false","true","true","true","","","2025-04-28","2025-04-21","2024-11-12","2026-01-07T11:21:12.000Z","2024-11-13T14:11:57.000Z"
"a13UL00000EKkVUYA1","4ad0a27d-de28-41b3-b582-25fff97f136d","Thayne","Greystar","1ec9302d-29c8-4a26-a763-8725935b9314","2EOZQwvovr","305 North 42nd Avenue","Brighton","CO","80601","true","true","true","true","true","","2025-09-26","2025-05-06","2025-05-06","2024-08-06","2026-01-07T11:21:12.000Z","2024-08-30T01:49:14.000Z"
"a13UL00000ICXIqYAP","8b6bde82-5688-4860-9a03-ecfdd2ec0702","Houston Lake","Pegasus Residential","8470c62c-ff7a-4ce4-aa4b-6a0d84235e09","7wONk1Nwb7","2350 S Houston Lake Rd","Kathleen","GA","31047","true","false","true","true","true","","","2024-12-18","2024-12-18","2024-01-12","2026-01-07T11:21:12.000Z","2024-11-21T11:59:35.000Z"
"a13UL00000F0J71YAF","f12e8d83-0808-4a9e-8178-1f898791615c","Aston at Uptown","ZRS Management LLC","e4c12d26-aefe-4265-8c1b-3aee18484720","5m0jQurquE","505 One Center Boulevard","Altamonte Springs","FL","32701","true","false","true","true","true","","","2024-12-18","2024-12-18","2024-09-06","2026-01-07T11:21:12.000Z","2024-09-16T14:28:55.000Z"
"a13UL00000EKkecYAD","eb8661d4-a3f5-4dff-b778-68f5aa7ab12e","Elan Huntington Beach","Greystar","1ec9302d-29c8-4a26-a763-8725935b9314","3iItLZFue0","18504 Beach Boulevard","Huntington Beach","CA","92648","false","false","true","true","true","","","2025-05-06","2025-05-06","2021-09-13","2026-01-07T11:21:12.000Z","2024-08-30T01:49:16.000Z"
"a13UL00000F0J70YAF","245f27de-88fe-49d7-a918-e78a0e1e346c","Avia Lowry","Greystar","1ec9302d-29c8-4a26-a763-8725935b9314","L4DofshH0u","9649 E 5th Ave","Denver","CO","80230","true","true","true","true","true","","2025-09-26","2025-05-06","2025-05-06","2024-09-06","2026-01-07T11:21:12.000Z","2024-09-16T14:28:55.000Z"
"a13UL00000FCm8SYAT","90bdc505-66f1-4547-a644-3a41958d503c","3100 Pearl","Kairoi Residential","6981dc4a-74de-4563-a8d2-004fc40b680a","cnrI11Mf8j","3100 Pearl Parkway","Boulder","CO","80301","false","false","false","false","true","","","","","2024-06-07","2026-01-07T11:21:12.000Z","2024-09-19T12:29:54.000Z"
"a13UL00000Gwza4YAB","9e35d318-c0f6-4d00-97cf-516af64ef332","Sagewind Ranch","Greystar","1ec9302d-29c8-4a26-a763-8725935b9314","FhDTxmu0XY","43501 Oleander Street","Lancaster","CA","93535","true","false","true","true","true","","","2025-04-03","2025-04-03","2024-10-31","2026-01-07T11:21:12.000Z","2024-11-01T13:37:42.000Z"
"a13UL00000F0J6xYAF","7612ccea-89a7-4c57-9218-685c7198f882","Avana Eastlake","Greystar","1ec9302d-29c8-4a26-a763-8725935b9314","Mvk8YNBbII","2801 East 20th Avenue","Denver","","80205","true","true","true","true","true","","2025-09-26","2025-05-06","2025-05-06","2024-09-06","2026-01-07T11:21:12.000Z","2024-09-16T14:28:55.000Z"
"a13UL00000HByQeYAL","702dfbbd-a4bb-4e52-bd1d-2db2ab65efb1","Bowen Apartments","Fairfield Residential","1d259073-4b82-4c7b-8be5-035a735ff32e","h4EilDt2m7","3280 Barnett Avenue","San Diego","CA","92110","false","false","false","false","true","","","","","2024-11-04","2026-01-07T11:21:12.000Z","2024-11-05T14:10:11.000Z"
"a13UL00000FCmRTYA1","62dc91ec-f10c-435e-94f0-3f3b6a0cc4f3","Meadowood Townhomes","DHS Management Company","fd91924a-589b-40d8-964c-c91e9e27564d","wo4uN5TLei","41140 Canton Court","Canton","MI","48188","false","true","true","true","true","","2025-09-19","2025-04-28","2025-04-28","2022-12-06","2026-01-07T11:21:12.000Z","2024-09-19T12:29:57.000Z"
"a13UL00000F0J6yYAF","f92f1f2a-5e84-4ec4-bccd-f28b280ae990","Skyhouse Raleigh","Greystar","1ec9302d-29c8-4a26-a763-8725935b9314","Sk3pVjZK43","308 S Blount Street","Raleigh","NC","27601","false","false","true","true","true","","","2025-05-06","2025-05-06","2024-09-06","2026-01-07T11:21:12.000Z","2024-09-16T14:28:55.000Z"
"a13UL00000GaL03YAF","71374e78-a4f2-4ce4-9367-ba1be04674df","Creekside Village - CSV","Inhabit","fcef35fc-516f-4d2a-9898-2dd4a9a8676e","38cf980c9b","3100 Falk Road","Vancouver","WA","98661","false","false","false","false","true","","","","","2024-10-22","2026-01-07T11:21:12.000Z","2024-10-23T13:33:24.000Z"
"a13UL00000HaB1fYAF","9b87d5d8-75fb-441f-8d91-d2ef3a37c967","The Jax Apartments","Axia Residential","0d3fd79a-80ef-4516-9118-b8d59e862468","qI3NyE5lU5","200 Aycock Avenue","Monroe","GA","30656","false","false","true","true","true","","","2025-04-28","2025-04-21","2024-11-12","2026-01-07T11:21:12.000Z","2024-11-13T14:11:57.000Z"
"a13UL00000IdhKjYAJ","ab893299-5554-4455-9bfd-3475c5e59c3a","Ballantyne Commons Simpsonville","Southwood Realty","fe7e40b5-8f51-4c30-9422-d94e538b4fde","QLzUt2UrAV","5001 Ballantyne Dr.","Simpsonville","SC","29680","true","true","false","true","true","","2025-09-05","","2024-12-02","2022-01-27","2026-01-07T11:21:12.000Z","2024-12-03T12:06:01.000Z"
"a13UL00000JCWB3YAP","e1477876-62df-4991-8a8e-b5df2eb1d740","Oakdale Springs","Greystar","1ec9302d-29c8-4a26-a763-8725935b9314","grYJTBAHKi","255 Lionstone Dr","Colorado Springs","","80916","false","false","true","true","true","","","2025-05-06","2025-05-06","2024-07-10","2026-01-07T11:21:12.000Z","2024-12-13T12:01:29.000Z"
"a13UL00000JpzRXYAZ","b98efe1d-3988-4a9d-814a-ef9cb4206547","Forest Cove - FCV","Inhabit","fcef35fc-516f-4d2a-9898-2dd4a9a8676e","5cb64d31de","3446 South Akron Street","Denver","CO","80231","false","false","false","false","true","","","","","2025-01-02","2026-01-07T11:21:12.000Z","2025-01-03T11:59:14.000Z"
"a13UL00000FCm5uYAD","78e9e16e-fcc6-41da-b326-8e200a302db7","Hidden Oaks","First Pointe Management Group","058e2567-899a-4c10-95f0-0bd44b80352a","qflsyoAWDJ","5979 Devecchi Avenue","Citrus Heights","CA","95621","false","false","false","false","true","","","","","2024-08-15","2026-01-07T11:21:12.000Z","2024-09-19T12:29:53.000Z"
"a13UL00000Fm0YMYAZ","ac86a329-3d2f-40ce-8c1f-b0201533becb","Artea at Southbank","ZRS Management LLC","e4c12d26-aefe-4265-8c1b-3aee18484720","OBOx9XxPBt","944 Broadcast Place","Jacksonville","FL","32207","true","false","true","true","true","","","2024-12-18","2024-12-18","2024-10-01","2026-01-07T11:21:12.000Z","2024-10-03T14:58:45.000Z"
"a13UL00000G3p0TYAR","85015c10-d29c-4617-9876-d2a5f3883e50","View 34","UDR","0506a401-5449-4f51-b236-bf271f3c2b73","MXn29kc6k3","401 E 34th St","New York","NY","10016","false","true","true","true","true","","2025-11-04","2025-07-30","2025-07-30","2025-07-30","2026-01-07T11:21:12.000Z","2024-10-09T13:38:16.000Z"
"a13UL00000FTjd1YAD","bfa83e41-7ec9-4cea-9d27-1efb16c27715","51 at Southaven","RR Living","fb39ce76-3dec-4144-b053-0d3638f32723","SqW7ZW1MeY","7560 Chesteridge Ave","Southaven","","38671","true","true","true","true","true","","2025-09-09","2025-08-28","2025-08-28","2024-09-24","2026-01-07T11:21:12.000Z","2024-09-26T15:21:16.000Z"
"a13UL00000FCn4ZYAT","c43fc737-7585-4e96-bec3-296e5cfe8588","Murrieta Meadows Apartments","Viewpoint Equity, LLC","01451ee1-a8a8-4bfe-a0ac-e7260465991c","3tmT242IeN","40125 Los Alamos Road","Murrieta","CA","92562","false","false","true","true","true","","","2025-04-28","2025-04-28","2023-11-01","2026-01-07T11:21:12.000Z","2024-09-19T12:30:03.000Z"
"a13UL00000FWeUmYAL","5c2bcf8d-304a-4386-8b11-84888a6e43f0","Verdell Pointe","FPI Management","f38e8211-f6d6-4e6d-b55d-80f6e961bc31","Sf9ku5360d","2137 and 2275 Iron Point Rd","Folsom","CA","95630","false","true","true","true","true","","2025-11-03","2025-08-12","2025-08-12","2024-09-26","2026-01-07T11:21:12.000Z","2024-09-27T14:25:21.000Z"
"a13UL00000G3p0VYAR","da3c5248-4878-48b9-8233-c04dc29312f9","Legacy at Mayland","UDR","0506a401-5449-4f51-b236-bf271f3c2b73","MKEm6vYPoy","8800 Queensmere Place","Richmond","VA","23294","false","true","true","true","true","","2025-11-04","2025-07-17","2025-05-22","2024-10-08","2026-01-07T11:21:12.000Z","2024-10-09T13:38:16.000Z"
"a13UL00000FCmw9YAD","28a8f26d-761a-4438-82d9-ad7920052049","TRIO at Jubilee Park","Cambridge Management Services","358c08e3-b4dd-4a39-9643-75641af70258","3Qi3bLkhtI","7663 Jubilee Park Boulevard","Orlando","FL","32822","true","true","true","true","true","","2025-09-25","2025-05-16","2025-05-16","2023-10-02","2026-01-07T11:21:12.000Z","2024-09-19T12:30:01.000Z"
"a13UL00000FCmvnYAD","313eecf4-5366-4f59-b062-23eb72977bcd","5550 Wilshire","Windsor Communities","55c97aa0-8d56-400e-8e6f-ef23c39dae1c","vY2f6RoDUr","5550 Wilshire Blvd","Los Angeles","CA","90036-3809","true","false","true","true","true","","","2025-10-28","2025-10-28","2023-07-26","2026-01-07T11:21:12.000Z","2024-09-19T12:30:01.000Z"
"a13UL00000FCmzuYAD","a83b037f-9ac4-4efa-b972-a13e9548b8a3","The Residences at Enso","Pegasus Residential","8470c62c-ff7a-4ce4-aa4b-6a0d84235e09","d68sn3tidy","3650 Enso Way","Jacksonville","FL","32224","true","false","true","true","true","","","2024-12-18","2024-12-18","2023-04-21","2026-01-07T11:21:12.000Z","2024-09-19T12:30:02.000Z"
"a13UL00000EKkXGYA1","f544c59e-b123-43a7-9228-b5546dca3cd5","Park 120","Greystar","1ec9302d-29c8-4a26-a763-8725935b9314","AgfrMQo8KC","120 West Casino Rd","Everett","","98204","false","false","true","true","true","","","2025-05-06","2025-05-06","2022-12-09","2026-01-07T11:21:12.000Z","2024-08-30T01:49:14.000Z"
"a13UL00000FCmJZYA1","5f2295ea-9fac-411e-a022-c3641a06c12e","Joshua Hills","Keller Investment Properties","3e4344a2-50a1-4ddd-8b45-a4d112bed228","23nDzujiuD","2929 E Centennial Pkwy","North Las Vegas","","89081","true","false","false","true","true","","","","2025-04-28","2024-03-20","2026-01-07T11:21:12.000Z","2024-09-19T12:29:55.000Z"
"a13UL00000EKkMqYAL","9f4a68cc-5b37-4e00-9323-47990043d255","Encore Narcoossee","Greystar","1ec9302d-29c8-4a26-a763-8725935b9314","YQx6j2TkLA","7567 Narcoossee Rd","Orlando","FL","32822","false","false","true","true","true","","","2025-05-06","2025-05-06","2024-07-24","2026-01-07T11:21:12.000Z","2024-08-30T01:49:13.000Z"
"a13UL00000EKkMpYAL","14316a56-7e04-4e3c-9d87-2d439ec61c70","Stanza Little Italy","Greystar","1ec9302d-29c8-4a26-a763-8725935b9314","MvN7K7n8Hx","310 A Street","San Diego","CA","92101","false","false","true","true","true","","","2025-05-06","2025-05-06","2023-01-31","2026-01-07T11:21:12.000Z","2024-08-30T01:49:13.000Z"
"a13UL00000EKktJYAT","54f5f357-3c2a-4482-afc1-f9032321cc80","Jefferson Cove","Cushman & Wakefield","bf6314a3-357b-4a63-8251-fb98a6552c3e","UhBljO0CWU","7165 Lake Ridge Parkway","Grand Prairie","","75054","true","true","true","true","true","","2025-11-04","2025-11-04","2025-11-04","2023-08-14","2026-01-07T11:21:12.000Z","2024-08-30T01:49:18.000Z"
"a13UL00000FCmvDYAT","dc2a2853-4eb7-4fcd-92a0-24110112f6ef","Azure Apartments","Morgan Group, Inc.","3ae91d1a-0a41-48ff-b902-7b5d22e6e479","mazKFSc9jZ","1111 Durham Dr","Houston","","77007","false","true","true","true","true","","2025-11-04","2025-09-23","2025-09-23","2023-09-08","2026-01-07T11:21:12.000Z","2024-09-19T12:30:01.000Z"
"a13UL00000EKknvYAD","e256292c-98f5-4542-a22f-7bdb96ff5954","Harbor Landing","Greystar","1ec9302d-29c8-4a26-a763-8725935b9314","pvNWgkdwZ9","28 Southfield Ave","Stamford","CT","06902","true","true","true","true","true","","2025-10-30","2025-05-06","2025-05-06","2023-09-15","2026-01-07T11:21:12.000Z","2024-08-30T01:49:17.000Z"
"a13UL00000FCmvHYAT","03f51103-a231-4115-9b88-ba49e651a0a4","Reve","Helio Property Management","257112c9-1a54-44f0-859a-f0fb8c07cd20","0LegpkUuGE","11837 Mayfield Avenue","Los Angeles","CA","90049","false","false","true","true","true","","","2025-07-29","2025-07-29","2024-08-30","2026-01-07T11:21:12.000Z","2024-09-19T12:30:01.000Z"
"a13UL00000FCmvgYAD","cf29d92c-6c96-4acd-88a2-099da8e47afb","Mansions at Oak Point","W3 Luxury Living","57aadd67-b0ac-429b-81e5-2c7ededff662","AwZvvEjDoW","571 Lloyds Road","Little Elm","","75068","false","false","true","true","true","","","2025-07-29","2025-07-29","2023-03-17","2026-01-07T11:21:12.000Z","2024-09-19T12:30:01.000Z"
"a13UL00000EKkc8YAD","5e424eee-3cf6-4834-aaf3-c1d9497440bd","Carlisle and Vine","ZRS Management LLC","e4c12d26-aefe-4265-8c1b-3aee18484720","kEHnxrBnAQ","2920 Carlisle Street","Dallas","","75204","true","false","true","true","true","","","2024-12-18","2024-12-18","2022-06-30","2026-01-07T11:21:12.000Z","2024-08-30T01:49:15.000Z"
"a13UL00000EKkO4YAL","eae18e9d-9cbb-44c1-a9a7-fc6445d833f4","The Cortesin t Eilan","Greystar","1ec9302d-29c8-4a26-a763-8725935b9314","zdn1XkG9tQ","18111 La Cantera Terrace","San Antonio","TX","78256","false","false","true","true","true","","","2025-05-06","2025-05-06","2024-06-04","2026-01-07T11:21:12.000Z","2024-08-30T01:49:13.000Z"
"a13UL00000FCn4DYAT","fbccf052-8fc2-4b43-aeea-ce3fbe044f7f","Reserves at Alafaya","Berkshire Residential Investments","ff07a30f-4b8b-48e6-974c-6b6dc63c056c","yHMRzkECUm","3715 Alafaya Heights","Orlando","FL","32828","true","true","true","true","true","","2025-09-23","2025-03-25","2025-03-25","2023-09-11","2026-01-07T11:21:12.000Z","2024-09-19T12:30:03.000Z"
"a13UL00000FCn4KYAT","e545be5b-cf62-47e3-8e8e-bab606c9191f","Flats at Columbia Pike","AION Management","9a495b91-f555-4f67-bbe6-1929261ac07b","JjIHCQA0Xc","11542 February Cir","Silver Spring","","20904","false","false","false","false","true","","","","","2023-10-31","2026-01-07T11:21:12.000Z","2024-09-19T12:30:03.000Z"
"a13UL00000EKkQVYA1","349bc7b0-b710-4837-ac0a-3780f81dbca8","Prose at Ballpark Village","Greystar","1ec9302d-29c8-4a26-a763-8725935b9314","bZvF2l95X7","2999 Estrella Parkway","Goodyear","AZ","85338","true","false","true","true","true","","","2025-05-06","2025-05-06","2024-07-31","2026-01-07T11:21:12.000Z","2024-08-30T01:49:13.000Z"
"a13UL00000FCn7LYAT","2d0c3cf7-f031-4cf8-9f58-1261a8b41de7","Caroline at Rogers Ranch","Morgan Group, Inc.","3ae91d1a-0a41-48ff-b902-7b5d22e6e479","2Fr3aqvbDn","17475 Happys Round","San Antonio","","78257","false","true","true","true","true","","2025-11-04","2025-09-23","2025-09-23","2023-12-07","2026-01-07T11:21:12.000Z","2024-09-19T12:30:03.000Z"
"a13UL00000FCmH7YAL","84975a19-bf82-41cb-965b-fca455d417a3","Longshore Commons","Pegasus Residential","8470c62c-ff7a-4ce4-aa4b-6a0d84235e09","xNgUH9urhp","1502 Benton Blvd","Savannah","GA","31407","true","false","true","true","true","","","2024-12-18","2024-12-18","2023-08-17","2026-01-07T11:21:12.000Z","2024-09-19T12:29:55.000Z"
"a13UL00000FgE8DYAV","a6373aa3-3354-429d-9fc1-ddb598a08b52","Citizen & Oake Apartments - 18165","Entrata","75f52d49-3aa1-4e27-8de3-c09b0503f34e","8917d7868c","5406 82nd St SW","Lakewood","","98499","false","false","false","true","true","","","","2024-10-16","2024-09-16","2026-01-07T11:21:12.000Z","2024-10-01T14:10:55.000Z"
"a13UL00000FCn1nYAD","01cd3433-2436-4876-b598-205f97f331e8","The Groves","RBM Partners","dce5b07d-a50c-489c-a53f-22faca55a37c","UiHyDer1fO","2990 Santiago Dr","Florissant","MO","63033","true","true","false","true","true","","2025-11-04","","2024-09-30","2023-07-22","2026-01-07T11:21:12.000Z","2024-09-19T12:30:02.000Z"
"a13UL00000GPB16YAH","9cca06d0-c653-4038-a32b-a458ff4944ed","Hickory Creek","Pegasus Residential","8470c62c-ff7a-4ce4-aa4b-6a0d84235e09","cHE42NzE80","2344 Hickory Creek Drive","Richmond","VA","23294","true","false","true","true","true","","","2024-12-18","2024-12-18","2024-10-17","2026-01-07T11:21:12.000Z","2024-10-18T13:10:22.000Z"
"a13UL00000EKkjCYAT","d14f556f-0a8f-4e24-a779-789272d6afce","Jackson Square-1333-c4918667-6ad7-4fa7-9779-7b6beb30a8d4","ResMan","1648ae89-995e-4491-b5a8-b9a3cd5d8f5b","20b14a4e5c","700 W. Jackson Ave","McAllen","TX","78501","false","false","false","true","true","","","","2025-05-01","2024-05-20","2026-01-07T11:21:12.000Z","2024-08-30T01:49:16.000Z"
"a13UL00000EKkjdYAD","9ecf86e7-9ed6-485b-8704-b8c30c3a3e17","Cashel Springs","RPM Living","a7fd2a14-295a-483a-868c-200cb84ad47a","Lx3mRv7X1g","14222 Wunderlich Dr.","Houston","TX","77069","true","true","true","true","true","","2025-11-13","2025-11-13","2025-11-13","2022-05-05","2026-01-07T11:21:12.000Z","2024-08-30T01:49:16.000Z"
"a13UL00000EKkNTYA1","f00c7f4c-a39f-44ae-aff5-596f059fe42c","Sendero Trace","Greystar","1ec9302d-29c8-4a26-a763-8725935b9314","ES20Z2Zrek","425 El Rio Street","San Marcos","TX","78666","false","false","true","true","true","","","2025-05-06","2025-05-06","2024-02-01","2026-01-07T11:21:12.000Z","2024-08-30T01:49:13.000Z"
"a13UL00000EKkXbYAL","114f3f09-f152-4d51-b3cb-a86512152bee","Verge","Greystar","1ec9302d-29c8-4a26-a763-8725935b9314","gDvLR16gP0","6850 Mission Gorge Rd","San Diego","CA","92120","true","true","true","true","true","","2025-09-26","2025-05-06","2025-05-06","2024-07-19","2026-01-07T11:21:12.000Z","2024-08-30T01:49:14.000Z"
"a13UL00000EKksUYAT","6d21b512-54c3-41f6-b7af-a3d30a089aa1","Alexan Grove","ZRS Management LLC","e4c12d26-aefe-4265-8c1b-3aee18484720","xtOV4kdJEO","6401 Emmy Lane","Wesley Chapel","FL","33544","true","false","true","true","true","","","2024-12-18","2024-12-18","2023-07-28","2026-01-07T11:21:12.000Z","2024-08-30T01:49:18.000Z"
"a13UL00000EKkpdYAD","6d547969-3154-4d5f-b1ce-96f9f9ee9271","Archer at Willowbrook-1313-1e822fed-b4e6-4acc-9b2f-5d31b0bfdbc2","ResMan","1648ae89-995e-4491-b5a8-b9a3cd5d8f5b","ebb2665ebc","7250 W Greens Rd","Houston","","77064","true","false","false","true","true","","","","2025-05-01","2024-01-08","2026-01-07T11:21:12.000Z","2024-08-30T01:49:17.000Z"
"a13UL00000F0J73YAF","c2801043-4aa6-4a91-8459-685263ea07cb","Marisol at Viera","ZRS Management LLC","e4c12d26-aefe-4265-8c1b-3aee18484720","XQ2iYYe88X","2439 Casona Ln","Melbourne","FL","32940","true","false","true","true","true","","","2024-12-18","2024-12-18","2024-09-06","2026-01-07T11:21:12.000Z","2024-09-16T14:28:55.000Z"
"a13UL00000FCmGaYAL","b6bef1d7-0590-4dd0-858f-42b5cc27cf6c","Belmont Place - 18089","Entrata","75f52d49-3aa1-4e27-8de3-c09b0503f34e","d2a418d614","2825 Windy Hill Rd SE","Marietta","","30067","false","false","false","true","true","","","","2024-10-16","2024-08-03","2026-01-07T11:21:12.000Z","2024-09-19T12:29:55.000Z"
"a13UL00000FCm5AYAT","81d4e7a4-73dc-4ce1-8e2f-e76f482d4874","The Point at Lakeside","Panco Management","f455199d-14c4-41e1-901a-fb9049bf3dd8","HkWFyvjJ6e","11481 NW 41st St","Doral","","33178","false","false","false","false","true","","","","","2024-06-04","2026-01-07T11:21:12.000Z","2024-09-19T12:29:53.000Z"
"a13UL00000EKkKIYA1","f159cb7f-eac6-489d-9be0-3a67a8bb09ac","Serena Heights -1784-ce5dcc58-ecee-4746-a57c-e885fba088e7","ResMan","1648ae89-995e-4491-b5a8-b9a3cd5d8f5b","a406a22a2e","17103 Imperial Valley Dr","Houston","","77060","false","false","false","false","false","","","","","","2026-01-07T11:21:12.000Z","2024-08-30T01:49:12.000Z"
